frame,wall_ms,gpu_ms,render_cpu_ms
0,3.41100,1.84800,2.53100
1,4.27100,1.85600,1.96400
2,3.20700,1.86100,1.71300
3,3.19600,1.86300,2.32000
4,3.44500,1.85200,1.67400
5,3.28400,1.86000,1.62100
6,3.16100,1.85400,2.03900
7,2.98200,1.85100,1.73900
8,3.24500,1.84600,1.69600
9,3.26800,2.00300,1.60000
10,5.42000,1.85700,1.92100
11,5.88600,1.86000,1.73400
12,4.91600,1.85500,2.55900
13,5.17200,2.02900,3.10600
14,5.20000,1.85000,2.58700
15,4.81400,1.85200,2.96800
16,6.16200,2.00400,2.89200
17,4.99600,1.85500,2.69900
18,4.93600,1.86700,3.28700
19,5.01700,1.85600,2.88500
20,4.59400,1.85300,2.43900
21,4.03400,1.85800,2.77600
22,4.67000,1.86300,2.58900
23,3.20300,2.28600,2.13800
24,3.32900,1.83500,2.43400
25,3.14900,1.85300,1.79600
26,3.64800,1.86500,1.76800
27,3.73800,1.84700,1.76300
28,3.14400,1.84800,1.88300
29,3.41800,1.84600,2.08300
30,3.24700,1.85600,1.65100
31,5.12400,2.03600,1.84000
32,6.29700,1.85100,1.85500
33,4.94700,1.85800,2.68300
34,4.14200,1.86900,3.42900
35,5.22000,1.86400,2.53900
36,3.78700,1.85700,2.68400
37,3.56500,2.19900,2.66300
38,4.47600,1.85500,2.12700
39,4.34800,1.87800,1.80900
40,3.51000,1.86200,2.34400
41,3.69600,2.02500,2.56300
42,3.94100,1.86100,2.04500
43,4.00900,1.86300,1.78400
44,2.96600,1.85600,1.72000
45,2.75600,1.85400,2.31600
46,2.80900,1.86400,1.61200
47,2.75800,1.85700,1.55700
48,2.77600,1.84300,1.62300
49,2.63100,1.85200,1.53800
50,2.63600,1.85600,1.56500
51,2.93900,1.85700,1.46200
52,2.78600,1.85200,1.48600
53,2.75400,1.85400,1.51500
54,3.17800,1.85400,1.55400
55,3.39100,2.24300,1.54100
56,3.93000,1.85500,1.63500
57,3.22100,1.88700,1.91800
58,2.86800,1.85500,2.26600
59,3.15000,1.84600,1.86500
60,2.96300,2.30300,1.53800
61,3.69100,1.84600,1.66700
62,3.41500,1.85300,1.66300
63,3.14300,1.86000,1.74700
64,3.21100,1.84600,2.01700
65,3.14300,2.02600,1.55900
66,3.82400,1.86600,1.64400
67,4.08900,1.86100,1.74800
68,3.35100,1.85400,2.40500
69,2.89600,1.86500,1.83400
70,3.09300,1.85300,1.80900
71,2.90400,1.85600,1.64600
72,3.03800,1.84600,1.66600
73,2.71900,1.85600,1.57200
74,2.85100,1.85400,1.69600
75,3.11300,2.03600,1.50700
76,2.99900,1.85100,1.56400
77,2.99400,1.85400,1.60000
78,2.69500,2.00400,1.72100
79,2.67300,1.85400,1.68200
80,3.05000,1.84700,1.50000
81,2.93100,2.03600,1.51100
82,2.73300,1.86200,1.80500
83,2.86000,1.85100,1.53700
84,3.01400,1.84700,1.52800
85,2.75500,1.85100,1.61400
86,2.94400,1.85200,1.58500
87,3.13400,2.01600,1.52900
88,3.02600,1.86200,1.58200
89,5.34100,1.85100,1.74400
90,4.49100,1.86400,1.50600
91,4.31300,1.86200,3.11600
92,4.13300,1.85200,2.36100
93,3.58600,1.85700,2.67700
94,4.16100,1.86100,2.09900
95,3.54500,1.85600,2.12600
96,2.99600,1.85000,1.91800
97,3.14500,1.86200,2.14700
98,3.81600,2.18000,1.66400
99,4.39100,1.85100,1.68000
100,3.53000,1.85900,2.04000
101,3.28000,1.84700,2.59500
102,3.41100,1.86900,1.90200
103,4.48900,1.86100,1.86200
104,4.42500,1.85700,1.93300
105,3.47700,1.85800,2.48100
106,3.44400,1.85900,2.39800
107,3.13300,1.85100,1.85300
108,2.92900,1.84300,1.92200
109,2.94700,1.85900,1.74200
110,2.81400,1.85000,1.57800
111,3.17100,1.84800,1.59100
112,2.98400,2.03300,1.55200
113,2.79300,1.86600,1.83900
114,3.30300,1.85600,1.67200
115,3.16800,2.01100,1.54800
116,3.49500,1.84600,1.80100
117,3.50600,1.85800,1.76600
118,3.18400,1.87000,2.02800
119,3.49200,1.86400,2.00700
120,3.19200,1.99500,1.72900
121,3.01600,1.86600,1.97400
122,4.16000,1.86000,1.87800
123,3.43100,1.85600,1.64600
124,3.20000,1.85200,2.37700
125,3.01700,2.01300,1.99600
126,3.36800,1.85200,1.71200
127,3.05100,1.86600,1.70500
128,2.94300,1.83800,1.90000
129,2.93900,1.85100,1.72900
130,3.07100,2.01200,1.60300
131,3.45200,1.85700,1.60600
132,3.31400,1.84300,1.69300
133,2.99100,2.02500,1.81200
134,2.93500,1.86000,1.87000
135,3.06500,1.85100,1.63900
136,3.17400,2.00300,1.59700
137,3.02200,1.84300,1.73200
138,2.98000,2.03200,1.78000
139,2.93000,1.84800,1.63900
140,2.99600,1.84400,1.66100
141,3.23500,2.03600,1.64500
142,3.73500,1.86600,1.68700
143,3.25400,1.85700,1.79300
144,2.94700,1.85500,2.24200
145,3.19500,1.84600,1.78200
146,3.73400,2.04300,1.63500
147,3.38200,1.85200,1.74400
148,3.04700,1.84600,1.96500
149,3.19800,1.84800,1.93200
150,4.32300,1.85600,1.70500
151,3.69400,2.04800,1.73500
152,4.35200,1.86500,2.43300
153,3.09800,1.85600,2.32000
154,3.11600,1.85900,2.36200
155,3.99800,1.84600,1.68200
156,3.42700,1.86700,1.72000
157,3.73000,1.84900,2.19900
158,3.12600,2.02400,1.78600
159,3.39500,1.85800,2.01500
160,3.37500,1.85800,1.65200
161,3.89400,1.86500,1.85700
162,3.36400,1.85600,1.83800
163,3.09300,1.86200,1.81100
164,3.82300,1.84300,1.89100
165,3.80800,2.02400,1.65300
166,3.85400,1.85800,2.13200
167,3.41100,1.85800,2.26100
168,3.23500,1.85100,2.16100
169,2.98800,1.84800,1.75400
170,2.92700,1.85800,1.78200
171,3.06800,1.85900,1.63500
172,2.84500,1.85000,1.65600
173,2.87600,1.85500,1.70300
174,2.96000,1.86400,1.61500
175,2.94100,2.03700,1.60300
176,2.75400,1.84100,1.60300
177,2.90800,1.85800,1.59300
178,2.92900,2.00900,1.52500
179,2.76200,1.85700,1.59900
180,2.81800,1.84700,1.56100
181,2.87000,2.00100,1.55000
182,2.78600,1.85500,1.57200
183,3.21600,1.85000,1.62200
184,3.17100,2.35100,1.50600
185,2.83100,1.85500,1.82300
186,2.84800,1.85800,1.81900
187,2.89300,1.84800,1.58300
188,3.00900,1.85100,1.55100
189,3.60900,1.85700,1.66400
190,2.95300,1.86200,1.66800
191,2.67400,1.85000,2.15100
192,2.85600,2.04000,1.56000
193,2.93900,1.85600,1.47500
194,3.49400,1.85900,1.57800
195,3.32400,2.03800,1.66800
196,3.08000,1.85100,1.94700
197,4.16600,1.85100,1.81700
198,4.01300,1.85300,1.69100
199,3.49000,1.85300,2.21100
200,2.98700,2.03000,1.91000
201,3.21600,1.84700,2.01600
202,3.15700,2.00600,1.66000
203,3.18700,1.85700,1.58700
204,4.26300,1.85600,1.75600
205,2.86200,2.03500,1.80400
206,2.87400,1.85600,2.27800
207,4.07800,1.85600,1.60400
208,3.33100,1.85700,1.63000
209,3.06400,1.85600,1.79500
210,3.18100,1.86000,1.71900
211,3.73800,1.85900,1.67700
212,3.61500,1.85500,1.56900
213,3.86700,1.86500,2.02700
214,3.34700,1.85400,2.14700
215,2.91500,1.86500,1.83900
216,3.39900,1.84900,1.91700
217,3.82500,2.02000,1.59700
218,3.71500,1.85700,1.60500
219,5.31100,1.86100,2.32300
220,5.74600,1.85600,1.76400
221,5.30900,1.86400,2.78300
222,3.42000,1.86900,3.25900
223,4.39800,1.86300,3.06900
224,3.58000,1.84900,1.75700
225,3.80800,1.86500,1.99800
226,4.50500,1.85500,1.98000
227,5.23700,2.01100,1.86000
228,5.39200,1.86900,2.08800
229,4.59400,1.86500,2.73700
230,5.03400,1.86700,2.86700
231,5.92300,1.85900,2.54900
232,5.42700,2.33800,2.40500
233,5.79200,1.85600,2.96600
234,6.17900,1.87000,2.95100
235,4.82900,2.01700,3.00700
236,5.45600,1.84400,3.04100
237,6.10900,1.87200,2.67800
238,6.01000,2.05400,2.83300
239,4.96900,1.85500,3.10400
240,4.23800,1.86400,3.15300
241,5.67200,2.01200,2.58000
242,6.72600,1.86500,2.07700
243,8.22800,1.86500,2.91800
244,7.16700,2.05000,3.40500
245,5.52500,1.86800,4.06200
246,6.36000,1.86100,4.22200
247,6.78200,1.85900,3.09700
248,7.03700,1.85500,3.16100
249,4.26500,1.86000,3.63000
250,3.77900,2.01000,3.97900
251,3.55000,1.85800,2.35000
252,3.62000,2.01400,1.80800
253,3.30600,1.86000,1.83800
254,3.41200,1.86500,2.13800
255,5.15200,1.85600,1.77100
256,5.77500,1.84500,1.85500
257,5.14900,1.86000,2.61000
258,4.77500,2.27700,3.53500
259,4.73500,1.85800,2.38900
260,3.98500,1.86100,2.50400
261,5.10700,1.85100,3.01800
262,5.32700,1.87700,2.07400
263,6.60400,1.87300,2.71000
264,6.03600,1.87200,2.75500
265,4.97000,1.86600,3.24800
266,5.06300,2.28400,3.39200
267,5.25400,1.85600,2.73200
268,4.78700,1.85000,2.82600
269,3.87700,1.87100,2.76100
270,5.38000,1.86700,2.33000
271,5.34000,1.86000,2.19000
272,5.23800,1.85700,2.70400
273,5.66300,1.85800,2.71400
274,4.23600,1.86800,2.77300
275,5.04400,1.85400,3.51700
276,5.59100,2.17800,2.40200
277,5.53500,1.85300,2.30000
278,5.63900,1.87500,2.99200
279,5.69900,1.85600,3.02000
280,4.45000,1.87000,2.58600
281,4.11700,1.86200,2.84400
282,3.44900,1.87000,1.93300
283,4.07600,1.85500,2.32300
284,4.47500,1.84700,1.92100
285,3.77500,1.85600,1.68400
286,4.10800,1.85800,2.62600
287,4.12100,1.86300,1.90600
288,3.43900,1.84800,2.33200
289,3.18100,1.85900,2.34900
290,4.48800,1.85900,1.88900
291,3.73600,2.28000,1.75100
292,4.32500,1.84500,2.80500
293,3.16500,1.85700,2.01000
294,4.42800,1.85100,2.67200
295,3.66100,1.85700,1.72600
296,3.52800,1.86300,2.26300
297,4.19900,1.85900,2.16400
298,4.22800,1.86500,1.89100
299,4.18500,1.84600,2.67200
300,4.55300,1.86200,2.00800
301,4.06700,1.85700,2.62500
302,5.14500,1.85700,2.05300
303,3.97300,1.85300,2.37800
304,5.36800,1.85700,2.75000
305,4.76600,1.85900,2.03900
306,4.30100,1.87600,3.02700
307,4.18800,1.86100,2.50600
308,3.94600,1.84700,2.48100
309,3.89200,2.30500,1.96000
310,3.51200,1.87700,2.25800
311,3.25200,1.86300,1.89100
312,3.26200,1.85700,1.78100
313,3.87000,2.00600,1.82300
314,4.33700,1.86100,1.67600
315,4.22000,1.85400,1.98800
316,3.66200,1.85500,2.23900
317,3.45700,1.85200,2.35200
318,3.08100,1.86200,2.08300
319,3.54800,1.85700,1.92400
320,3.75500,1.86000,1.62600
321,4.29500,1.86200,1.83500
322,3.26200,1.86500,1.95200
323,3.19500,1.84600,2.49700
324,3.25200,1.85600,1.85400
325,3.38000,1.85600,1.71900
326,3.37200,1.86000,1.81000
327,2.92800,1.85800,1.76200
328,2.98300,1.85100,1.75000
329,3.01000,1.84200,1.60400
330,4.36300,1.85800,1.62500
331,3.57700,1.86200,1.61900
332,3.19000,2.28600,1.89100
333,3.05500,1.84600,1.89600
334,3.39700,1.85800,1.72100
335,5.71100,1.86100,1.65700
336,4.41200,1.86500,1.81100
337,3.15100,1.84500,2.89400
338,3.35600,1.85700,2.75800
339,4.91100,1.86300,1.60100
340,3.35700,1.86200,1.70300
341,3.36000,2.11800,2.70500
342,3.45100,1.86000,1.83400
343,4.76000,2.25700,1.88900
344,3.80700,1.86100,1.88100
345,3.35300,1.86300,3.04500
346,4.09900,1.85100,1.99600
347,3.96600,1.85700,1.88000
348,3.74000,1.86300,1.86300
349,3.26600,1.86200,2.28700
350,3.12100,1.86300,1.90200
351,4.35100,1.85300,1.82200
352,4.77800,1.85300,1.63100
353,5.23900,1.86300,2.37500
354,3.85000,2.27900,2.05000
355,3.92800,1.86100,3.17300
356,4.17000,1.86100,1.98900
357,4.42800,1.85900,2.19000
358,6.83400,1.86000,2.40500
359,4.88300,1.86300,1.89500
360,5.23500,1.86500,3.66000
361,5.08500,1.85300,2.51600
362,4.13200,1.85900,2.79100
363,3.52000,1.85800,2.46200
364,3.37800,1.84700,2.32700
365,3.12800,1.85800,1.89000
366,3.24800,1.85700,1.85400
367,3.22000,1.85000,1.75800
368,3.30900,1.84400,1.69400
369,3.42900,1.84500,1.76600
370,3.07300,1.86000,1.68400
371,3.18800,1.86800,1.69000
372,3.25900,2.29800,1.63700
373,4.52500,1.86700,1.78100
374,4.48500,1.85700,1.86400
375,4.33400,1.85400,2.36400
376,5.60600,1.85500,2.80500
377,6.99100,1.86700,2.17200
378,6.51200,2.05000,2.70400
379,8.34300,1.85600,3.72600
380,5.82700,1.87600,3.20500
381,5.76700,1.86800,4.55500
382,6.30100,1.87300,3.06400
383,5.61500,1.89000,3.11600
384,5.48700,1.84700,3.32000
385,5.66700,1.85500,2.66900
386,4.68800,2.02100,3.09700
387,5.70000,1.86300,3.00800
388,4.97200,1.84900,2.34300
389,3.59800,1.87400,3.02700
390,3.70000,1.86300,2.86200
391,3.51500,1.86200,1.93200
392,3.12600,1.87300,1.94100
393,3.28500,1.85000,1.99100
394,3.14800,1.85300,1.75300
395,4.77500,1.85200,1.80100
396,4.03200,2.02400,1.66400
397,6.20200,1.85800,2.81400
398,7.16000,2.01200,2.08200
399,4.94800,1.88200,2.96100
400,5.67700,1.85900,3.37100
401,7.61100,1.85200,2.70200
402,7.24400,2.06300,2.74400
403,7.13300,1.86600,3.93700
404,7.41100,1.86300,4.12400
405,10.72600,1.86100,3.66800
406,8.02100,2.04400,3.95500
407,6.99900,1.87000,7.11800
408,5.16500,1.87600,4.40900
409,4.76700,1.86100,4.32300
410,5.20300,2.02100,2.36700
411,3.41800,1.85100,2.60200
412,4.45400,1.85200,3.14500
413,6.25500,1.86800,1.95000
414,5.16500,1.87100,1.90400
415,4.06000,1.85300,4.11400
416,3.49300,1.85700,2.68400
417,3.07200,2.03200,2.41300
418,2.97100,1.84900,1.92000
419,2.99200,1.84900,1.66500
420,4.21300,1.85000,1.64800
421,3.15600,1.85700,1.57600
422,3.04300,1.85600,2.42600
423,3.03000,1.85100,1.68800
424,3.31300,1.84300,1.68600
425,3.96100,1.84600,1.68000
426,3.98000,1.86000,1.64800
427,3.17200,1.85300,1.98400
428,3.01800,1.84900,2.23100
429,3.56200,1.85300,1.64400
430,3.85300,1.86600,1.60400
431,3.42000,1.85000,2.01700
432,2.81100,1.85300,2.21600
433,2.75000,1.85200,1.76000
434,2.77800,1.85000,1.51100
435,3.08600,1.84300,1.47700
436,3.18100,1.85600,1.50400
437,3.20100,1.85000,1.72200
438,3.80900,1.86600,1.72800
439,3.70800,1.85800,1.73500
440,3.88600,1.86200,1.73100
441,3.68500,1.86200,2.08200
442,3.85500,1.85600,1.92300
443,4.58000,1.85200,2.22700
444,4.43500,2.02800,1.75600
445,3.44100,1.86300,2.49100
446,3.92300,1.86100,2.31500
447,4.36000,1.85500,1.81200
448,3.36900,1.85800,1.86400
449,4.21700,1.86200,2.74500
450,5.61700,1.87300,1.83600
451,6.27800,1.86300,2.28200
452,4.85300,1.87200,2.55700
453,4.22300,1.86200,3.43200
454,3.11200,1.87600,2.09900
455,3.13700,1.84900,2.39500
456,3.46200,1.84900,1.72300
457,4.25000,1.84500,1.71000
458,4.26800,1.85600,1.82500
459,5.40700,1.85100,1.95600
460,5.00200,1.85300,2.35500
461,3.46800,1.86500,2.85300
462,3.38800,1.85900,2.92200
463,3.06100,1.86000,1.82000
464,3.14300,1.86100,1.79700
465,3.57700,1.86000,1.69100
466,3.23700,1.85400,1.71100
467,4.20800,1.85800,1.89800
468,3.33300,1.85000,1.75600
469,3.41600,1.85500,2.49900
470,3.28000,1.85400,1.83900
471,3.09800,1.85300,1.95900
472,3.08900,1.84900,1.75700
473,3.10700,1.84300,1.73600
474,4.85500,1.85400,1.65500
475,3.73300,1.86600,1.70000
476,5.11800,1.85400,2.22300
477,6.63500,1.86300,1.92600
478,5.20800,1.87600,2.28100
479,3.76700,1.87800,3.39400
480,5.92600,1.85700,2.98600
481,5.79100,1.85400,1.85100
482,5.10100,1.86800,3.15600
483,4.70900,1.86400,3.19000
484,4.82700,1.85900,2.88600
485,4.53100,1.86700,2.37900
486,5.53400,1.86600,2.82600
487,5.95400,1.85600,2.30700
488,5.71200,1.86500,2.69700
489,5.78100,1.86300,3.10300
490,5.89800,1.86900,3.09500
491,6.92700,1.86800,2.99800
492,6.08600,1.86200,3.10700
493,4.66400,1.88200,2.94700
494,5.66200,1.88000,3.49200
495,4.48300,1.85800,2.27800
496,5.57400,1.84900,2.96500
497,4.73000,1.85700,2.77500
498,3.81300,1.86500,2.96800
499,3.77800,1.86100,2.40300
500,5.39300,1.85000,2.16900
501,5.34800,1.87000,1.92800
502,5.32100,1.87600,3.22400
503,4.08900,1.86100,2.60300
504,5.61900,1.86300,2.69700
505,6.93800,1.86200,2.37000
506,6.47300,1.87500,2.69100
507,7.19700,1.85900,3.62900
508,6.67200,1.87600,2.89500
509,4.65900,1.86600,3.76200
510,5.84000,1.86300,3.51600
511,5.89100,1.87500,2.55500
512,3.93700,1.86100,2.71100
513,5.67400,1.86400,3.09200
514,5.00300,1.86800,2.07000
515,4.25800,2.16900,2.38500
516,4.76300,1.88500,2.84000
517,5.42200,1.86000,2.45500
518,4.56700,1.87800,1.96500
519,3.25600,1.86100,3.20400
520,4.12600,1.84500,2.55500
521,6.48700,1.85600,1.78600
522,5.67400,1.86600,1.84800
523,4.22000,1.86000,3.16000
524,4.68200,1.84800,3.38900
525,6.22700,1.85800,2.19900
526,5.55500,1.86200,2.26500
527,4.66000,1.86600,3.30600
528,4.00400,1.85300,3.02600
529,3.34400,1.85700,2.21400
530,3.80400,1.85300,2.20700
531,3.57700,1.86200,1.84600
532,3.38600,1.84700,2.17000
533,3.43900,1.86000,2.02000
534,3.54800,1.85700,1.77400
535,7.56700,1.85600,1.82300
536,6.60200,1.86400,1.79700
537,6.95500,1.85500,3.50000
538,5.79700,1.86800,3.63200
539,4.74800,1.87300,3.56600
540,4.41300,1.85600,3.24900
541,6.39400,1.85900,3.05300
542,4.51800,1.86100,2.12400
543,3.37600,1.85400,3.58000
544,3.16600,1.86500,2.70700
545,3.50000,1.85600,1.95700
546,4.39200,2.04700,1.70900
547,4.83600,1.87400,1.64500
548,5.31200,1.86000,2.28400
549,4.99800,1.86900,2.35400
550,5.21100,1.86100,2.83700
551,5.69900,1.86300,2.65000
552,4.03300,1.85600,2.64300
553,4.19900,1.86400,3.11200
554,3.44300,1.86200,2.39200
555,4.82000,1.85400,2.06400
556,5.15500,1.85900,1.90800
557,5.70900,1.85000,2.29200
558,5.67400,1.86800,2.76100
559,5.91200,1.85700,3.00000
560,5.80800,1.85300,3.04300
561,6.23200,1.86600,3.11900
562,6.76400,1.86200,3.05400
563,6.36200,1.87000,3.12200
564,6.37700,1.85900,3.46800
565,6.49800,1.86600,3.28500
566,6.34000,1.87700,3.31800
567,6.71200,1.87200,3.14800
568,6.24400,1.85300,2.92400
569,6.99900,1.86600,3.67000
570,6.35900,1.85800,3.27300
571,7.53800,1.86000,3.66100
572,5.64300,1.86300,3.28700
573,5.11000,1.86500,3.63900
574,6.23200,1.85800,3.17200
575,4.45600,1.86400,2.38600
576,5.80900,1.85500,3.42900
577,5.89000,1.86600,2.63600
578,4.61000,1.87500,2.86400
579,6.21300,1.86600,2.87200
580,6.36400,1.86200,2.55900
581,5.58000,1.86300,3.25500
582,5.67100,1.86700,3.44300
583,5.50800,1.86300,3.01200
584,6.18500,1.85400,2.73400
585,5.99900,1.85400,2.85200
586,6.73700,1.87400,3.17800
587,6.41700,1.86800,3.17300
588,7.25200,1.84600,3.36200
589,6.41100,1.88400,3.31300
590,5.96200,1.86500,3.63400
591,6.42000,1.87400,3.31200
592,7.02900,1.86100,2.91700
593,7.29300,1.85800,3.14800
594,6.71400,1.87900,3.57700
595,6.28100,1.86500,3.67000
596,6.08100,1.86300,3.52100
597,5.33300,1.85900,3.25000
598,6.14300,1.86400,2.99300
599,6.89600,2.36300,2.97800
600,6.06700,1.86000,3.05200
601,6.32900,1.85100,3.51200
602,6.25300,1.86000,3.29900
603,6.09500,2.02400,3.21100
604,6.51900,1.86500,3.39300
605,6.74200,1.86000,3.36700
606,5.81600,1.86500,3.11600
607,6.11600,1.84400,3.45400
608,6.32400,1.86900,3.02700
609,6.03200,1.86300,3.55600
610,6.95400,1.86700,3.21800
611,7.71300,2.00600,3.12600
612,5.00400,1.86800,3.58100
613,4.92700,1.85500,4.41300
614,6.05500,1.85600,3.01900
615,5.53400,2.05100,2.42600
616,5.01200,1.85700,3.40200
617,5.12600,1.86300,2.78800
618,4.15000,2.04900,2.66600
619,5.21200,1.86000,2.83700
620,5.35700,1.85700,2.00300
621,5.66100,1.84700,3.16000
622,4.10100,1.87600,3.13700
623,3.35900,2.36300,2.62100
624,6.37700,1.85200,2.35200
625,6.58800,2.24300,1.74900
626,6.41800,1.86100,3.38900
627,4.12300,1.85000,3.38900
628,4.17900,1.85700,3.78000
629,4.64300,1.85300,2.42300
630,6.19100,1.85300,2.11800
631,4.35600,1.87400,2.17200
632,5.68200,1.85500,3.21200
633,7.00400,1.86200,2.42700
634,5.90000,1.87100,2.64800
635,7.36900,1.87100,3.78300
636,6.91200,1.86400,2.98400
637,6.80500,1.85800,3.77100
638,6.39800,2.34100,3.71200
639,6.01300,1.86400,3.73200
640,5.38600,1.85700,3.52000
641,5.15800,1.85100,2.80100
642,5.20400,2.25700,2.80500
643,6.29600,1.85400,3.05200
644,5.19800,1.86600,2.48500
645,5.67400,2.28700,3.50900
646,3.89400,1.86000,2.93000
647,3.81300,1.85300,2.89900
648,4.60000,1.85400,2.18100
649,5.68900,1.86000,2.14500
650,6.04200,1.88100,2.21900
651,5.69500,1.85500,2.75300
652,5.33400,1.86500,3.12600
653,4.42300,1.99900,3.02800
654,5.43700,1.87100,3.09200
655,4.85300,1.87000,2.28700
656,3.61200,1.86000,2.77600
657,4.12100,1.84900,2.51300
658,4.56800,1.86400,1.96800
659,3.24900,1.86700,1.93900
660,5.29200,1.84300,2.70800
661,5.55900,1.85500,1.72000
662,3.43100,1.87400,2.88300
663,4.56100,1.86500,3.29000
664,3.34600,2.00300,1.95100
665,3.70500,1.85200,2.37800
666,3.60600,1.85000,1.88300
667,3.41800,1.86300,2.08700
668,3.43700,1.84400,1.82200
669,3.97800,1.86400,1.89900
670,5.77200,1.85200,1.82800
671,3.61500,2.31900,1.74400
672,3.71800,1.85900,3.02900
673,4.91000,1.85800,1.96900
674,4.56200,1.86500,2.11300
675,3.81200,1.85800,2.17000
676,5.05500,1.84800,2.82000
677,5.84900,1.86100,2.07300
678,4.67800,1.87700,2.45100
679,5.22500,1.85500,3.46100
680,4.59900,2.29200,2.40400
681,3.99800,1.85400,2.85100
682,3.83200,1.85800,2.22000
683,5.23900,1.86100,2.21700
684,5.39500,1.85800,2.21000
685,3.76700,1.86400,2.67200
686,5.80800,1.86600,2.91600
687,4.51600,1.86600,2.11100
688,5.08900,1.85100,3.02800
689,5.15100,1.86100,2.11800
690,6.07200,1.85700,2.81400
691,5.32900,1.85600,2.62400
692,5.02200,2.27700,3.22900
693,5.69900,1.85600,3.23700
694,4.34600,1.86300,2.43500
695,4.58800,2.39100,2.97100
696,4.72500,1.86700,2.42200
697,4.03300,1.87000,2.29000
698,3.29800,1.86200,2.47400
699,3.40600,1.85800,1.78100
700,4.78200,1.86800,1.84400
701,4.41900,1.85600,2.05400
702,4.79800,1.85900,2.28600
703,3.70400,2.29600,2.24700
704,4.46100,1.85000,2.40800
705,4.64300,1.87400,1.87300
706,4.53300,1.86600,2.22200
707,3.48400,1.87900,2.24800
708,3.41800,1.86500,2.83700
709,3.57800,1.85300,1.79300
710,3.85800,1.85300,1.76300
711,3.26900,2.35000,1.91100
712,3.08200,1.84900,2.18700
713,3.29900,1.86700,1.74900
714,5.63600,1.85800,1.78400
715,5.97000,1.86700,1.90700
716,5.37800,1.85500,2.58300
717,4.38900,2.23000,3.23700
718,4.12000,1.86700,3.27600
719,4.18600,1.87400,2.23400
720,4.85400,1.86300,2.31500
721,5.94200,1.86300,1.76300
722,5.73000,1.87000,2.75400
723,6.28600,1.86200,2.91300
724,6.59700,2.00500,3.08600
725,6.18600,1.87900,3.05000
726,6.20400,1.86900,3.32100
727,4.01800,1.86700,3.14200
728,5.84800,1.86000,3.14100
729,6.29600,1.85700,2.17000
730,5.85000,1.87700,2.30500
731,6.02600,2.03600,3.38500
732,5.53500,1.85900,3.15900
733,5.38100,1.85800,3.22200
734,6.12300,1.86300,3.02700
735,6.33000,1.86700,2.85000
736,5.55700,1.84700,3.01500
737,6.12300,1.86000,3.27000
738,5.92800,1.87200,2.97100
739,5.88100,1.85100,3.19700
740,5.89700,1.86000,2.96100
741,6.82500,1.87500,2.93800
742,5.76100,1.86500,3.22000
743,5.36700,1.86600,3.46500
744,5.83000,1.85100,2.99800
745,5.50300,1.86600,2.88900
746,5.81600,1.86200,3.08600
747,5.20300,1.84400,3.06700
748,5.37600,2.00900,2.97900
749,6.14700,1.86700,2.62700
750,5.04100,1.86300,2.59100
751,5.42700,1.87100,3.35300
752,6.06900,1.86100,3.04700
753,5.44900,1.85900,2.48900
754,4.81500,2.02500,2.96200
755,4.88400,1.86100,2.68000
756,5.50400,1.85100,2.38500
757,6.32100,1.86600,2.35600
758,5.55400,1.85400,3.17500
759,6.31200,1.85000,3.20300
760,5.44300,2.01200,2.73100
761,4.78600,1.84700,3.14000
762,6.19600,1.85100,2.68900
763,5.23700,1.86000,2.65600
764,5.03300,1.85100,3.07300
765,5.37500,1.85100,2.75200
766,4.47200,2.01400,2.67700
767,5.24200,1.85500,2.90900
768,4.75100,1.85700,1.93500
769,3.37800,1.85900,2.73400
770,4.12800,1.86300,3.01600
771,3.79500,1.86500,1.81700
772,4.43400,1.85300,2.05200
773,2.87700,1.85200,2.10400
774,2.83800,1.84500,2.19500
775,2.81500,1.85200,1.65300
776,2.80400,2.03600,1.47500
777,2.70400,1.84800,1.47200
778,2.65900,1.85700,1.59000
779,2.63600,1.99600,1.53100
780,2.62200,1.84600,1.47300
781,3.75600,1.83900,1.47700
782,2.96900,2.04000,1.47300
783,2.65000,1.85600,1.96900
784,2.64500,1.84900,1.71700
785,2.58700,2.32800,1.46500
786,2.79500,1.85100,1.49100
787,3.53200,1.85900,1.47500
788,2.73500,2.04600,1.46400
789,2.66100,1.84700,2.22500
790,2.63000,1.85500,1.55400
791,2.63800,2.00200,1.51100
792,2.75000,1.85000,1.47700
793,2.93400,1.85900,1.45100
794,3.73800,2.00000,1.57800
795,5.40200,1.85900,1.65100
796,6.23600,1.84800,1.65300
797,5.68400,1.85700,2.78200
798,5.69300,1.87100,3.11300
799,5.29200,1.87400,3.32300
800,5.81100,1.85700,3.15400
801,7.42200,1.86300,3.14700
802,5.83700,1.86500,3.02200
803,6.14800,1.85800,3.90200
804,5.62100,1.85000,3.01200
805,4.74800,2.26400,2.88800
806,4.26600,1.85400,3.20100
807,4.81100,1.85900,2.54700
808,4.12900,2.02300,2.25600
809,3.99200,1.85200,2.78100
810,4.31300,1.85300,2.53600
811,6.96500,1.85500,2.25600
812,6.67700,1.85600,2.13900
813,7.02500,1.85800,3.54700
814,5.94600,1.86000,3.32100
815,6.18100,1.85800,3.68600
816,5.11300,1.85800,3.06900
817,4.33300,2.04700,3.25300
818,3.48900,1.86000,2.73100
819,4.37900,1.85000,2.16400
820,5.44800,1.84700,1.73100
821,6.58400,2.28000,1.72900
822,6.09300,1.86600,3.28400
823,5.17100,1.85900,3.18400
824,5.42100,1.84500,3.18800
825,4.28700,1.86800,2.46900
826,4.31000,1.85900,2.87500
827,3.44100,2.30300,2.40900
828,3.52800,1.84300,2.49200
829,3.23900,1.85000,2.04000
830,3.96900,1.84600,1.99500
831,3.54000,1.85500,1.84300
832,3.68600,1.84000,2.11100
833,3.36100,1.84900,1.96600
834,3.03300,1.85000,1.65100
835,3.08100,1.84000,1.87700
836,3.06200,1.85100,1.66200
837,3.92800,1.84400,1.69500
838,5.07800,1.84900,1.63900
839,5.19900,1.85900,1.89000
840,4.68500,1.85900,2.71000
841,3.05100,1.85300,2.75900
842,2.96400,2.02600,2.84800
843,2.97700,1.85500,1.71200
844,3.34200,1.84600,1.65300
845,3.54700,2.03700,1.62300
846,3.21500,1.85200,1.88500
847,3.50900,1.84900,1.89700
848,3.56600,1.85500,1.78700
849,3.46200,1.85000,1.86200
850,4.10400,2.01300,1.80000
851,3.24300,1.85500,1.75700
852,2.98000,1.84600,2.60600
853,3.11000,1.85200,1.72300
854,3.38200,1.85200,1.63200
855,2.93000,2.04700,1.66800
856,3.09600,1.85600,1.99500
857,3.32200,1.85600,1.64100
858,3.51400,1.86100,1.71400
859,3.54900,1.85600,1.73800
860,3.10300,2.33200,1.76300
861,3.72800,1.85600,2.07300
862,3.41500,1.86600,1.69500
863,3.65800,1.85000,1.95700
864,3.48300,1.84900,1.78900
865,3.44100,2.00200,1.64500
866,3.20800,1.85000,1.99300
867,3.10300,2.01300,2.09200
868,3.86500,1.85100,1.72500
869,3.46500,1.85500,1.73400
870,2.88700,2.02800,1.78600
871,2.89300,1.85800,2.05000
872,2.81100,2.01400,1.56800
873,3.60900,1.85000,1.63500
874,3.09600,1.86200,1.60400
875,2.74500,2.04000,1.92100
876,2.82100,1.85300,1.69600
877,2.92400,1.85300,1.53400
878,3.57200,2.00100,1.58000
879,3.48400,1.85700,1.56900
880,3.13000,1.86200,1.92400
881,3.15600,1.85300,1.97000
882,4.13000,1.86300,1.69900
883,3.24400,1.86200,1.69200
884,4.53800,1.84700,1.89300
885,3.37800,1.86900,1.79900
886,4.41900,1.85500,2.56600
887,3.95500,1.85800,1.93600
888,3.68500,1.86700,1.92100
889,3.52200,1.85800,2.35500
890,4.12800,1.85500,1.75200
891,3.58600,1.86400,2.02700
892,5.34800,1.85900,2.27100
893,5.76500,1.86500,1.96000
894,5.75300,1.87400,2.70100
895,6.09700,2.02900,3.05100
896,5.61300,1.85500,3.11800
897,4.35600,1.85600,2.98700
898,3.96700,2.05200,3.14400
899,5.38700,1.86900,2.33600
900,5.75900,2.04400,2.19900
901,4.24100,1.87100,2.57400
902,4.36600,1.85700,3.30300
903,3.71200,1.85700,2.21800
904,3.64400,1.85400,2.33700
905,2.87200,1.86100,2.15700
906,4.43900,1.86100,1.94800
907,3.60200,1.85800,1.60600
908,3.52600,1.85200,2.19000
909,3.20900,1.84500,1.91800
910,3.79700,2.00700,1.94700
911,4.94300,1.85500,1.69800
912,3.21300,2.00700,2.25900
913,3.48800,1.84700,2.49300
914,3.93000,1.85400,1.82000
915,4.10800,1.86000,1.78600
916,4.00900,1.85000,1.96800
917,3.66500,1.86100,2.15000
918,3.38000,1.85600,2.48400
919,3.95200,1.85300,1.83500
920,3.88500,1.85300,1.95700
921,2.93300,2.03000,1.83000
922,3.62000,1.85800,2.18600
923,3.49400,1.85300,1.64500
924,3.83300,1.85900,2.00800
925,3.42600,1.85800,1.66900
926,3.18200,1.86200,1.86900
927,3.21400,1.85700,1.79500
928,5.08500,2.03100,1.88000
929,4.05700,1.85000,1.77800
930,3.04900,2.03400,2.58600
931,3.09600,1.84900,2.59300
932,3.84700,1.84800,1.64000
933,3.37900,1.85700,1.67500
934,3.17900,1.86100,2.25900
935,2.93300,2.03200,1.64600
936,3.15600,1.84700,1.76300
937,3.62300,1.85500,1.65500
938,3.50500,1.85900,1.58900
939,3.73000,1.85500,2.00600
940,3.07400,2.01100,1.75700
941,4.36900,1.85000,2.24800
942,3.52400,1.86100,1.74600
943,3.94200,1.85900,2.58500
944,3.63100,1.85700,1.94500
945,3.98400,1.86000,2.14000
946,4.15900,1.85700,1.92700
947,5.40900,1.85700,1.82600
948,5.42900,1.85000,2.45800
949,5.93900,1.86400,3.38000
950,4.07800,1.86600,2.66400
951,4.52400,1.86600,3.33800
952,3.53300,1.84300,2.18600
953,3.65900,1.85500,2.46600
954,3.62500,1.87500,1.92200
955,4.10500,1.85500,1.95100
956,3.38300,2.01000,1.94500
957,4.13700,1.85300,1.88900
958,3.83600,2.01500,1.92600
959,4.74400,1.85200,2.36700
960,4.33600,1.86200,1.82800
961,3.74600,1.85200,2.43400
962,3.17300,2.02900,2.62700
963,3.50800,1.85500,2.18700
964,3.54300,1.85400,1.78300
965,3.49800,1.85600,1.64700
966,3.99400,1.85600,1.86400
967,3.20300,2.04200,1.76400
968,3.75400,1.85200,2.18300
969,2.99700,1.85700,1.58500
970,3.02500,1.85600,2.27900
971,3.16600,1.85400,1.69700
972,3.08400,1.86000,1.59000
973,3.74800,1.85100,1.72000
974,3.01400,1.85000,1.79600
975,3.37000,1.87100,2.10700
976,4.63400,1.84900,1.68000
977,4.17600,2.04800,1.68300
978,4.02000,1.85800,2.55700
979,3.63100,2.04100,1.88900
980,3.73800,1.84600,2.31400
981,3.59300,1.85900,1.81400
982,4.92300,1.86400,1.94600
983,3.57700,2.05500,1.97300
984,4.25500,1.85100,2.37600
985,4.08100,1.85300,2.12500
986,4.24500,1.86000,2.01100
987,3.51200,2.03600,1.89100
988,4.14300,1.85800,2.12300
989,3.28100,1.86700,2.03900
990,3.46400,1.85600,2.02600
991,3.02300,1.84800,1.87400
992,2.84100,1.84900,1.80600
993,4.21500,1.84300,1.71100
994,3.24900,1.85600,1.57000
995,3.27900,1.85500,1.85100
996,3.36000,1.84400,1.85900
997,2.86300,1.86300,1.62700
998,3.19700,1.87700,1.90100
999,3.15400,2.01000,1.54800
1000,3.14100,1.85200,1.76400
1001,3.32000,1.86200,1.76200
1002,2.81800,2.02900,1.57700
1003,3.29400,1.85400,1.73400
1004,3.00100,1.84800,1.55000
1005,2.85300,1.85400,1.95800
1006,2.91200,1.85100,1.64200
1007,2.92600,2.01700,1.54700
1008,2.87700,1.85000,1.55000
1009,2.85200,1.85000,1.69000
1010,2.93900,1.86300,1.64900
1011,3.04900,1.84800,1.54300
1012,3.26800,1.85000,1.64900
1013,2.99800,2.03100,1.72700
1014,2.89600,1.85600,1.77900
1015,3.18200,1.85100,1.66800
1016,2.92300,1.84700,1.51200
1017,3.40000,1.85500,1.71000
1018,3.11700,1.86900,1.60100
1019,3.04700,1.85000,1.89300
1020,2.91200,1.84800,1.77100
1021,2.98100,1.85700,1.60100
1022,3.21800,1.85900,1.63500
1023,4.07700,1.85500,1.52900
1024,2.99900,2.04400,1.53900
1025,3.30100,1.85900,1.81500
1026,2.85100,2.00900,1.67700
1027,3.00900,1.84600,1.94700
1028,3.67400,1.85700,1.62000
1029,2.78700,2.01300,1.56300
1030,2.84400,1.85100,2.02700
1031,2.89900,1.85700,1.53500
1032,2.78800,1.84900,1.61500
1033,3.40100,1.84300,1.58300
1034,2.95000,1.86600,1.53900
1035,2.79000,1.84900,2.01900
1036,2.79700,1.85200,1.68200
1037,3.16900,2.03500,1.52100
1038,3.07500,1.86100,1.56700
1039,3.21700,1.85500,1.77000
1040,2.80400,2.01000,1.59800
1041,2.86500,1.85400,1.79900
1042,2.93900,1.85900,1.54800
1043,3.07100,2.02100,1.60900
1044,4.38400,1.85100,1.60700
1045,2.99200,1.85800,1.67200
1046,3.23100,1.86700,2.72200
1047,3.25000,1.85000,1.68200
1048,3.35800,2.02900,1.60600
1049,3.44500,1.86500,1.84000
1050,2.90200,1.85400,1.97100
1051,2.99700,1.85200,1.93900
1052,3.10200,1.84900,1.61600
1053,3.13300,2.04600,1.59300
1054,3.06100,1.86000,1.66100
1055,2.82700,1.85100,1.72300
1056,3.44300,1.85500,1.55500
1057,3.03100,1.85100,1.57000
1058,3.34000,1.85300,2.10000
1059,3.42700,1.86500,1.70300
1060,3.28900,1.85400,1.87000
1061,2.95700,2.03400,1.78700
1062,2.98400,1.85200,1.64100
1063,3.92600,1.85600,1.68100
1064,3.96600,1.86300,1.58900
1065,3.44900,1.85800,2.09800
1066,3.03400,2.01200,2.30400
1067,3.04200,1.86100,1.80700
1068,2.98600,2.01100,1.64500
1069,2.92200,1.86000,1.60100
1070,3.12400,1.85200,1.67900
1071,2.87800,2.00800,1.52700
1072,3.49200,1.85000,1.67200
1073,3.26800,1.85500,1.59800
1074,3.26300,2.05100,1.60600
1075,3.22800,1.85900,1.83600
1076,2.93500,1.84700,1.88100
1077,4.43200,1.84700,1.83200
1078,4.46800,1.85900,1.64500
1079,3.55700,1.86800,2.42100
1080,3.30100,1.85800,2.53400
1081,3.31800,2.01900,1.78500
1082,3.21200,1.85500,1.87200
1083,3.30900,2.00300,1.97100
1084,3.54000,1.85000,1.88000
1085,4.17000,1.85100,1.77400
1086,2.99100,2.04000,1.62300
1087,3.03600,1.85000,2.33800
1088,2.89000,2.03600,1.64500
1089,3.62800,1.85000,1.65900
1090,3.37100,1.85500,1.63400
1091,2.83800,2.01300,1.62700
1092,3.00100,1.84200,1.69200
1093,3.12800,1.85800,1.58500
1094,3.57600,1.85600,1.58700
1095,3.71500,1.85000,1.60400
1096,3.19300,2.04800,1.61600
1097,3.36900,1.85700,1.77500
1098,3.33500,1.86900,1.84400
1099,2.95700,1.86300,1.79700
1100,4.79000,1.84700,1.86700
1101,3.89300,2.04200,1.62800
1102,3.24500,1.86900,2.59300
1103,3.27900,1.86000,2.29100
1104,3.93100,1.85700,1.68200
1105,3.34700,1.86800,1.80000
1106,3.53900,1.85700,2.05200
1107,3.12000,1.86600,1.76800
1108,3.58100,1.85300,1.68900
1109,3.49800,1.85000,1.75100
1110,3.14800,1.86700,1.73800
1111,3.00400,1.85400,1.93700
1112,3.04300,1.84500,1.72500
1113,3.23400,1.85600,1.68400
1114,3.26700,1.85700,1.75200
1115,3.88500,1.85800,1.86100
1116,3.52700,1.85400,1.80700
1117,2.98100,1.85300,2.09000
1118,3.29000,1.86200,2.03600
1119,2.96600,1.85200,1.61600
1120,2.86000,1.84800,1.96100
1121,2.71500,1.85200,1.68200
1122,2.79500,1.86400,1.55700
1123,3.11300,1.85400,1.50800
1124,2.95300,1.85200,1.58400
1125,3.59600,1.85200,1.61500
1126,2.94800,1.86100,1.62100
1127,2.75000,1.85600,2.03000
1128,2.96400,1.85500,1.71600
1129,3.10200,1.85700,1.54900
1130,2.87300,1.85400,1.50500
1131,2.81000,1.84300,1.81500
1132,2.75100,1.85400,1.59700
1133,2.70700,1.85300,1.58900
1134,2.93000,1.85900,1.51200
1135,2.76200,1.86700,1.51000
1136,2.86400,1.84300,1.71000
1137,2.80000,1.84900,1.50100
1138,2.77800,1.85800,1.60900
1139,2.85100,1.85800,1.58500
1140,2.98500,1.85200,1.50800
1141,2.80500,1.85800,1.48100
1142,2.80100,1.85900,1.76200
1143,2.77800,1.85200,1.59500
1144,3.07100,1.84900,1.54600
1145,3.15300,1.84000,1.52900
1146,2.96600,1.85200,1.67400
1147,2.83200,1.86500,1.71000
1148,2.71000,1.85100,1.59400
1149,2.69000,1.84300,1.52600
1150,2.90700,1.84900,1.52600
1151,2.79400,1.85800,1.46500
1152,2.77300,1.85200,1.73200
1153,2.77200,1.85500,1.57400
1154,2.79200,1.85200,1.47300
1155,3.18000,1.86600,1.50400
1156,2.88800,1.85100,1.50300
1157,2.93700,1.85900,1.88100
1158,2.93600,1.85900,1.55900
1159,2.88900,1.84400,1.62700
1160,3.27800,1.84400,1.66400
1161,2.90500,1.85800,1.60200
1162,2.95000,1.86100,1.60700
1163,2.98000,1.86700,1.63500
1164,2.98100,1.85600,1.66000
1165,3.49200,1.86600,1.69500
1166,3.05300,1.85500,1.59900
1167,2.87700,1.85800,1.60000
1168,2.98400,1.85100,1.71000
1169,2.97800,1.85700,1.62900
1170,3.31000,1.85500,1.60200
1171,3.14400,1.85400,1.68300
1172,2.88300,1.85900,1.61200
1173,2.83900,1.85100,1.78000
1174,2.87900,1.85600,1.61300
1175,3.12600,1.85500,1.54900
1176,3.13100,1.84200,1.60400
1177,3.63000,1.85300,1.64800
1178,3.85700,1.84800,1.66800
1179,3.22200,1.84900,2.23900
1180,3.00300,1.85500,1.74400
1181,3.02000,1.85500,1.80400
1182,2.76000,1.85900,1.53900
1183,2.81100,1.85000,1.76500
1184,2.80100,1.84800,1.49500
1185,3.07000,1.85300,1.59400
1186,3.00000,1.85400,1.55500
1187,2.84500,1.85000,1.61500
1188,2.76500,1.84900,1.58700
1189,2.79700,1.84600,1.60200
1190,2.76700,1.85900,1.54100
1191,2.99300,1.86000,1.52600
1192,2.87400,1.84700,1.48000
1193,2.90700,1.84600,1.77400
1194,2.69300,1.85300,1.61600
1195,2.82400,1.85100,1.54000
1196,3.14100,1.84900,1.51000
1197,2.80200,1.85600,1.59000
1198,2.80100,1.85800,1.58500
1199,2.88600,1.85300,1.55900
1200,2.87700,1.85900,1.52700
1201,3.11400,1.84700,1.63300
1202,3.43100,1.85200,1.54900
1203,3.03900,1.85900,1.67200
1204,3.01100,1.84300,2.04300
1205,2.62500,1.85600,1.64300
1206,2.66800,1.84900,1.57300
1207,3.06400,1.85600,1.47100
1208,2.74300,1.84600,1.51000
1209,2.69600,1.85900,1.70200
1210,4.03000,1.85500,1.50400
1211,3.46900,1.85100,1.48500
1212,3.03400,1.85400,2.28400
1213,2.84600,1.85600,1.89000
1214,2.86900,1.85900,1.73700
1215,2.85200,1.86300,1.55400
1216,2.77200,1.84300,1.51300
1217,2.93600,1.84700,1.59900
1218,2.86800,1.86200,1.51600
1219,2.78300,1.84900,1.76200
1220,2.82600,1.85600,1.67200
1221,2.84000,1.85900,1.56200
1222,3.15600,1.85000,1.54400
1223,2.89200,1.85300,1.58400
1224,2.83300,1.84800,1.90000
1225,2.88200,1.85600,1.54600
1226,2.90100,1.85100,1.57100
1227,3.28900,1.84700,1.63600
1228,2.85300,1.84300,1.64600
1229,3.16400,1.85000,1.62900
1230,2.99400,1.85300,1.60400
1231,2.95800,1.84600,1.95800
1232,3.34800,1.86400,1.71600
1233,3.18600,1.86100,1.58100
1234,3.10700,1.84700,1.73300
1235,2.99600,1.86000,1.90000
1236,2.92200,1.84600,1.62200
1237,3.16700,1.85500,1.69800
1238,2.89900,1.85600,1.56800
1239,2.77000,1.86400,1.68400
1240,2.82500,1.84300,1.64200
1241,3.54200,1.85500,1.58500
1242,2.92800,1.85700,1.54600
1243,3.62400,1.84800,1.57000
1244,3.31600,1.85000,1.60200
1245,2.91600,1.86100,2.10900
1246,3.12000,1.85200,1.84900
1247,2.81100,2.02800,1.55000
1248,3.16000,1.86000,1.81600
1249,2.79000,1.85100,1.58600
1250,2.69800,1.85300,1.89500
1251,2.81100,1.84900,1.55200
1252,2.89400,1.84900,1.51100
1253,3.34400,1.85000,1.56700
1254,2.85000,1.99900,1.55500
1255,2.72600,1.86000,1.68100
1256,2.70500,1.85600,1.60700
1257,2.68100,1.86100,1.55900
1258,2.89700,1.85500,1.46100
1259,5.25500,1.85700,1.49500
1260,4.98700,1.86000,1.63000
1261,3.84200,1.85000,2.70400
1262,3.66100,2.01500,2.68900
1263,3.08900,1.86500,2.39200
1264,2.98300,1.85500,2.22000
1265,2.91900,1.84800,1.67100
1266,2.83500,1.86000,1.65200
1267,3.21300,1.84700,1.60900
1268,3.06100,1.85000,1.56200
1269,2.79000,1.84800,1.59000
1270,2.68400,1.85800,1.77500
1271,2.75400,1.85900,1.50500
1272,2.85900,1.84400,1.49600
1273,2.84300,1.85600,1.52700
1274,2.76100,1.86200,1.48400
1275,2.87500,1.85100,1.57900
1276,2.91100,1.85300,1.53400
1277,2.66500,1.85100,1.64900
1278,3.16200,1.85300,1.52300
1279,2.90600,1.84300,1.49000
1280,3.58300,1.84400,1.76600
1281,4.44700,1.85700,1.62200
1282,3.00700,1.85300,1.55100
1283,2.83900,1.85800,2.88400
1284,2.94700,1.99700,1.55700
1285,3.00600,1.85500,1.58200
1286,2.95000,1.85500,1.69900
1287,3.40300,1.85700,1.58400
1288,3.93000,1.85300,1.62000
1289,3.06500,1.84800,1.68000
1290,3.51000,1.85900,2.22400
1291,3.00500,1.86300,1.68700
1292,3.44800,1.85600,1.81900
1293,3.00900,1.85900,1.63300
1294,2.99400,1.85500,2.00300
1295,2.86100,1.84900,1.68000
1296,2.82200,1.85500,1.70700
1297,3.01400,1.85300,1.56300
1298,2.92900,1.85600,1.56100
1299,2.93600,1.86000,1.57800
1300,2.82200,1.85700,1.62800
1301,2.94800,1.85800,1.57000
1302,2.77000,1.87500,1.58300
1303,3.17500,1.84900,1.64000
1304,2.84300,1.86000,1.55800
1305,2.84300,1.85700,1.88800
1306,2.79000,1.86700,1.56800
1307,2.73900,1.85500,1.61700
1308,3.10000,1.85100,1.54600
1309,2.87300,1.84900,1.54400
1310,2.79800,1.85900,1.81900
1311,2.80900,1.84700,1.60300
1312,2.84700,1.85400,1.53200
1313,2.91300,1.85400,1.60100
1314,3.27800,1.86200,1.62700
1315,2.71600,1.84600,1.61500
1316,2.79400,1.85300,1.92300
1317,2.98800,1.86200,1.51800
1318,2.86000,1.85400,1.58500
1319,3.24100,1.85100,1.60100
1320,2.93600,1.86000,1.58400
1321,2.85700,1.84600,1.89500
1322,2.78800,1.85900,1.69700
1323,2.77300,1.85900,1.56400
1324,3.67200,1.84200,1.56800
1325,2.91100,1.85000,1.58400
1326,2.78700,1.85600,1.94300
1327,2.81200,1.85500,1.63000
1328,2.89000,1.84900,1.55100
1329,2.96200,1.84700,1.61400
1330,2.76800,1.86600,1.63800
1331,2.78400,1.85100,1.62900
1332,2.79900,1.84100,1.57300
1333,2.60100,1.85800,1.54300
1334,2.72200,1.85200,1.49400
1335,2.86400,1.84800,1.48000
1336,2.72900,1.85600,1.52600
1337,2.71900,1.85700,1.52000
1338,2.71300,1.85300,1.50900
1339,2.63200,1.84900,1.53600
1340,2.85900,1.85500,1.49300
1341,3.36700,1.85500,1.45900
1342,3.37700,1.85500,1.55400
1343,3.00300,1.85700,1.78800
1344,3.14900,1.84100,2.06200
1345,2.99800,1.84900,1.59700
1346,2.90100,1.85400,1.78300
1347,2.79300,1.85400,1.50800
1348,2.82500,1.84700,1.64500
1349,2.82500,1.85300,1.52800
1350,2.82300,1.86100,1.58100
1351,2.79300,1.85200,1.60800
1352,2.70400,1.84900,1.52200
1353,2.77100,1.85500,1.61200
1354,2.68900,1.85400,1.46900
1355,2.71400,2.03000,1.49800
1356,2.71300,1.85100,1.49000
1357,2.78600,1.85000,1.54900
1358,2.81600,1.87000,1.45900
1359,2.80000,1.85700,1.58700
1360,2.72600,1.84400,1.60400
1361,2.69900,1.85300,1.59800
1362,2.85800,1.85800,1.48700
1363,2.76200,1.84400,1.53400
1364,2.64200,1.85000,1.64200
1365,2.65500,1.85200,1.49700
1366,2.80200,1.85900,1.48500
1367,2.62700,1.86000,1.48500
1368,2.99600,1.85400,1.47800
1369,2.81100,1.85500,1.47700
1370,2.77700,1.85300,1.57800
1371,2.85600,1.85500,1.51000
1372,2.86200,1.85100,1.51500
1373,2.97200,1.85100,1.60700
1374,2.71500,1.85300,1.57700
1375,2.80600,1.84900,1.71700
1376,2.75500,1.84200,1.50900
1377,2.74400,1.86600,1.56700
1378,3.35800,1.85100,1.54200
1379,3.23000,1.86000,1.51400
1380,3.09500,1.85000,1.66900
1381,3.12700,1.84800,1.92300
1382,3.53000,1.85400,1.65600
1383,4.00000,1.86000,1.71300
1384,2.86700,1.85000,1.91600
1385,2.88600,1.84900,2.55700
1386,3.04600,1.85700,1.61200
1387,4.82000,1.86200,1.62100
1388,3.52900,1.85300,1.62600
1389,2.82700,1.86100,2.62200
1390,2.94200,1.86300,2.08100
1391,2.84200,1.85400,1.59200
1392,2.89500,1.86000,1.66900
1393,3.04100,1.85300,1.58900
1394,2.94500,1.85500,1.54800
1395,2.71300,1.85300,1.71900
1396,3.63500,1.83900,1.61300
1397,2.78700,2.04500,1.52900
1398,3.27000,1.85800,2.22600
1399,2.79300,1.85300,1.60700
1400,2.73800,1.84200,1.72800
1401,2.64900,1.84900,1.58700
1402,2.83000,1.86100,1.48000
1403,2.97800,1.84800,1.48100
1404,3.49800,1.84500,1.60600
1405,2.77800,1.85500,1.48000
1406,2.80400,1.86000,2.06900
1407,3.11700,1.84600,1.55700
1408,2.76700,2.00800,1.61300
1409,3.19100,1.86000,1.78800
1410,2.96200,1.86900,1.53900
1411,3.70900,2.04300,1.82200
1412,3.08100,1.84800,1.65500
1413,2.93500,1.85300,2.36200
1414,2.81000,1.85700,1.78400
1415,3.26900,1.85300,1.53400
1416,3.00200,1.86100,1.57200
1417,2.77900,1.84900,1.91800
1418,3.50200,1.85200,1.67000
1419,3.55200,2.01000,1.50800
1420,3.45500,1.85700,1.82100
1421,2.94700,1.85800,1.74500
1422,3.71200,1.86300,1.78700
1423,4.24200,1.84800,1.64600
1424,3.60000,2.44500,2.22900
1425,3.97800,1.85600,2.35600
1426,3.06300,2.05000,1.90400
1427,3.72600,1.86600,2.23000
1428,4.91600,1.85900,1.68600
1429,3.53300,1.86200,1.93700
1430,2.97300,1.87500,2.73900
1431,2.95300,1.85000,2.09400
1432,3.79300,1.85000,1.68900
1433,3.20500,2.03400,1.64600
1434,3.06800,1.87300,2.09900
1435,3.13000,1.86700,1.74600
1436,3.21900,1.84700,1.66400
1437,3.08300,1.85000,1.74100
1438,3.00700,2.01000,1.68900
1439,2.90600,1.85700,1.68000
1440,3.02000,1.84700,1.63200
1441,2.94500,2.03000,1.59600
1442,3.12900,1.85100,1.69900
1443,2.89000,1.85900,1.60900
1444,2.89000,1.85700,1.73900
1445,3.06800,1.84800,1.58800
1446,2.97800,1.85300,1.66800
1447,2.99500,1.86000,1.52100
1448,2.77300,1.84700,1.63400
1449,2.87600,2.00400,1.76900
1450,2.69600,1.85700,1.53600
1451,2.97400,1.85900,1.58000
1452,2.89900,2.02700,1.48700
1453,2.83700,1.85100,1.69200
1454,2.79400,1.86000,1.52100
1455,2.83000,2.04100,1.54500
1456,2.86800,1.85800,1.53300
1457,4.37700,1.84800,1.59600
1458,2.84700,1.86200,1.52100
1459,2.78700,1.85100,2.43900
1460,2.73700,1.84200,1.57300
1461,2.60600,1.85100,1.55600
1462,2.88200,1.85300,1.55600
1463,2.97300,1.85200,1.45700
1464,2.74600,1.85300,1.63000
1465,2.69600,1.85000,1.71200
1466,2.73900,1.85800,1.53600
1467,2.78200,1.84500,1.51000
1468,2.89300,1.84700,1.53400
1469,2.80700,1.84600,1.51500
1470,2.73500,1.85700,1.53800
1471,2.66700,1.84500,1.60400
1472,2.94800,1.85000,1.50800
1473,2.72000,1.85800,1.48300
1474,3.23200,1.87000,1.72400
1475,2.77100,1.86300,1.53900
1476,2.71000,1.84400,1.79400
1477,2.69600,1.85600,1.57600
1478,2.74600,2.00700,1.53800
1479,2.72800,1.85400,1.47900
1480,3.01200,1.85500,1.53100
1481,2.97000,2.00100,1.53500
1482,2.69800,1.85900,1.74300
1483,2.72000,1.84600,1.58400
1484,2.84900,2.02600,1.48400
1485,2.91100,1.84000,1.54000
1486,2.86100,1.85900,1.56000
1487,2.69400,1.86200,1.57600
1488,2.68500,1.85100,1.62900
1489,2.89400,1.84500,1.51400
1490,2.84400,1.86600,1.48600
1491,3.01900,1.85000,1.61500
1492,2.79700,1.84500,1.59500
1493,2.76300,2.01000,1.68800
1494,2.70600,1.85300,1.54300
1495,2.69900,1.84800,1.57300
1496,2.94000,2.00300,1.46900
1497,2.98300,1.85400,1.48400
1498,2.82900,1.84800,1.61400
1499,2.68500,2.04100,1.63900
1500,2.89000,1.84500,1.53900
1501,3.12600,1.84900,1.50800
1502,2.98800,2.01700,1.54100
1503,2.87300,1.85200,1.56300
1504,2.83500,1.84900,1.69600
1505,2.72900,1.85300,1.54500
1506,2.76900,1.85300,1.60600
1507,3.34000,1.85200,1.49900
1508,2.94600,1.85300,1.51700
1509,2.95200,1.85200,1.92300
1510,2.87700,1.85800,1.62400
1511,2.79300,1.85500,1.59300
1512,3.65800,1.85100,1.61900
1513,3.26300,2.03500,1.55400
1514,2.83700,1.84900,1.89300
1515,2.91800,1.85000,1.71800
1516,3.00900,2.01100,1.53100
1517,3.23300,1.84800,1.60500
1518,3.06200,1.84900,1.73900
1519,2.75200,1.86300,1.52400
1520,2.83800,1.85000,1.70400
1521,2.85600,1.86000,1.55100
1522,2.76300,1.85600,1.55000
1523,3.10300,1.85600,1.57100
1524,2.87400,1.85200,1.45300
1525,2.65300,1.84800,1.81400
1526,2.77800,1.85400,1.61500
1527,2.72800,2.00400,1.48000
1528,2.82700,1.84900,1.52400
1529,2.78200,1.85500,1.51700
1530,3.00700,1.85100,1.46900
1531,2.79500,1.85100,1.50600
1532,2.89100,1.84900,1.73000
1533,2.83700,2.01700,1.51900
1534,3.32400,1.85600,1.60200
1535,2.88400,1.85500,1.58000
1536,2.77400,2.00000,1.75300
1537,2.91600,1.84500,1.53400
1538,3.15500,1.84800,1.55300
1539,3.42500,2.00600,1.59600
1540,3.05400,1.85700,1.76900
1541,2.86400,1.85400,1.97900
1542,2.83500,1.85400,1.71100
1543,3.32400,1.85000,1.58700
1544,3.21300,1.84400,1.60100
1545,2.69700,1.85600,1.92900
1546,2.94300,1.86100,1.84300
1547,2.83900,1.84400,1.50700
1548,2.89700,1.84900,1.67900
1549,3.14100,1.86000,1.53000
1550,2.76700,2.02400,1.50800
1551,2.67400,1.85000,1.79600
1552,2.74200,1.83700,1.57300
1553,2.80200,1.99800,1.47500
1554,3.04300,1.85400,1.49100
1555,3.04700,1.85700,1.59000
1556,2.82900,1.85500,1.52900
1557,2.86000,1.84900,1.75200
1558,3.03400,1.86100,1.57000
1559,2.66900,1.84700,1.55800
1560,2.92300,1.84900,1.69000
1561,3.09800,1.87400,1.48700
1562,2.76200,1.85800,1.69500
1563,2.89200,1.85700,1.59200
1564,2.76600,2.03200,1.52900
1565,2.86400,1.85200,1.59700
1566,2.86200,1.86000,1.55400
1567,2.81800,2.01300,1.46800
1568,2.69200,1.84600,1.61300
1569,2.71300,1.86800,1.60600
1570,2.74400,2.00800,1.48300
1571,2.92500,1.84700,1.53500
1572,3.03400,1.84800,1.55600
1573,2.74300,2.00600,1.66800
1574,2.68300,1.85500,1.72100
1575,3.29200,1.85200,1.53400
1576,2.98500,2.00600,1.52300
1577,2.72600,1.85600,1.73800
1578,2.74400,1.85200,1.68400
1579,3.60900,1.85600,1.52200
1580,3.18800,1.85200,1.50600
1581,2.97400,1.85700,2.00900
1582,2.79600,1.85800,1.81000
1583,2.87200,1.85900,1.65200
1584,2.87600,1.85500,1.56000
1585,2.76900,1.85700,1.54100
1586,2.74300,1.85800,1.56100
1587,3.29500,2.00700,1.56400
1588,2.99300,1.85100,1.54100
1589,3.81100,1.84600,1.88000
1590,3.11100,2.03600,1.73200
1591,3.13000,1.85100,1.62600
1592,3.88300,1.84800,1.82700
1593,3.39100,1.85400,1.65500
1594,3.46300,1.85300,2.39700
1595,3.29500,2.03400,1.83800
1596,3.61700,1.84900,1.78400
1597,3.46000,1.86400,1.81700
1598,3.07900,1.86500,2.14900
1599,3.04500,1.85200,2.03800
1600,2.85300,2.00500,1.70200
1601,3.62100,1.85300,1.66100
1602,3.17100,1.86200,1.60200
1603,3.26200,1.86000,2.05300
1604,3.82100,1.85800,1.83200
1605,3.78300,2.36900,1.68200
1606,4.17400,1.85600,2.39800
1607,3.54300,2.02700,1.95700
1608,3.46400,1.84600,2.67300
1609,3.04900,1.84800,2.08700
1610,3.46800,1.85600,1.72900
1611,3.12300,1.85900,1.71000
1612,2.92700,2.04500,1.81600
1613,2.98600,1.86200,1.77400
1614,2.87900,1.85400,1.60400
1615,2.95500,1.84700,1.60100
1616,2.83900,1.85000,1.58200
1617,2.77100,1.85300,1.64500
1618,2.73300,1.87100,1.53500
1619,2.80900,1.85100,1.55400
1620,3.04500,1.85500,1.51800
1621,3.24200,1.85200,1.56600
1622,3.36100,1.86800,1.65200
1623,3.18100,2.01500,1.78700
1624,3.21700,1.85300,1.91800
1625,3.94300,1.85200,1.78600
1626,3.28100,2.04100,1.60600
1627,3.13900,1.85500,2.05200
1628,3.31800,1.99600,1.62400
1629,4.38000,1.85800,1.59200
1630,3.79300,1.85600,1.56200
1631,4.15900,1.86000,2.55600
1632,3.38100,1.85400,2.01500
1633,3.40700,1.85900,2.34900
1634,3.65200,1.85400,1.90000
1635,3.58800,2.03200,1.92500
1636,3.60500,1.85100,2.01500
1637,3.20600,2.01600,2.25700
1638,3.37100,1.86700,1.99200
1639,3.05300,1.84900,1.78800
1640,2.84800,2.03400,1.57700
1641,2.90200,1.85700,1.73300
1642,3.13500,1.84500,1.57000
1643,3.29600,1.86100,1.58400
1644,3.08100,1.85100,1.71700
1645,2.89700,2.00800,1.63000
1646,2.74400,1.85500,1.76300
1647,3.04700,1.85600,1.64800
1648,2.97400,2.00100,1.54700
1649,3.18800,1.84700,1.64600
1650,2.91900,1.86300,1.67900
1651,2.82300,2.01400,1.82400
1652,3.27100,1.84700,1.58800
1653,2.99400,1.85900,1.60000
1654,3.11200,1.85400,1.61000
1655,2.96300,1.84900,1.67300
1656,2.83400,1.85900,1.61400
1657,2.89500,1.85600,1.67600
1658,2.83800,1.84400,1.59900
1659,3.43400,1.85400,1.59300
1660,3.03700,1.85700,1.58100
1661,2.85200,1.85500,2.08800
1662,2.83800,2.00800,1.63600
1663,2.76400,1.86400,1.58900
1664,3.25100,1.84600,1.56400
1665,2.98900,2.01200,1.54700
1666,2.97400,1.85500,1.85300
1667,3.00200,1.85500,1.64200
1668,2.89000,1.84900,1.63900
1669,3.77200,1.85200,1.71400
1670,3.18200,1.87200,1.62300
1671,3.08200,1.85900,1.78100
1672,3.24300,1.85600,1.73300
1673,3.34500,2.01100,1.53900
1674,3.31900,1.86100,1.68800
1675,2.97300,1.86500,1.98100
1676,2.70900,1.85500,2.01600
1677,2.88600,1.86700,1.58500
1678,2.73600,2.04300,1.50900
1679,2.94500,1.85300,1.62900
1680,2.96200,1.85100,1.50200
1681,3.03700,2.01400,1.49300
1682,2.96800,1.85800,1.61300
1683,2.92500,1.84900,1.74100
1684,2.99800,2.28300,1.55800
1685,3.05500,1.85100,1.63800
1686,2.90400,1.86300,1.57500
1687,2.81500,1.85800,1.61100
1688,3.23500,1.84700,1.59900
1689,2.91200,1.86300,1.54100
1690,3.23700,1.85800,1.84700
1691,3.65500,1.86100,1.62700
1692,3.19500,2.00700,1.76200
1693,3.90900,1.87600,2.04900
1694,5.00800,1.86100,1.73100
1695,4.03600,1.85900,1.96700
1696,3.46400,1.84600,3.07500
1697,3.31600,1.86000,2.08300
1698,3.91300,1.86500,1.93900
1699,3.12900,2.01300,1.67200
1700,4.68200,1.85000,2.27000
1701,5.69100,1.85700,1.71000
1702,4.99800,1.87800,2.35000
1703,5.40500,1.86600,2.48100
1704,5.75000,1.84600,2.44100
1705,4.24800,1.86600,3.38400
1706,3.12800,2.00800,2.83000
1707,3.25200,1.85000,2.46100
1708,6.06400,1.99800,1.68100
1709,4.96800,1.86300,1.71700
1710,3.31500,1.87800,2.58700
1711,3.13300,1.85900,3.27300
1712,3.19500,1.85700,1.74400
1713,3.25000,1.85500,1.68300
1714,3.02800,2.05700,1.85600
1715,2.91500,1.85500,1.77300
1716,3.07100,1.84500,1.72100
1717,3.23300,2.04800,1.59900
1718,2.98100,1.86500,1.63800
1719,2.96300,1.85200,1.94900
1720,2.93500,1.85900,1.62500
1721,2.84500,1.85200,1.70000
1722,3.31600,1.84900,1.55100
1723,2.98200,1.85800,1.57400
1724,3.01000,1.84500,2.00900
1725,2.85000,1.86200,1.73300
1726,2.87200,1.85000,1.67200
1727,3.49000,1.85700,1.56800
1728,3.09700,2.17000,1.61600
1729,3.08600,1.84900,1.57300
1730,2.94400,1.86300,1.68300
1731,2.88000,1.86100,1.64600
1732,3.23700,1.84600,1.63800
1733,3.33300,2.18900,1.62100
1734,2.87100,1.85800,1.55300
1735,3.03500,1.84800,1.79200
1736,2.99400,2.00200,1.57800
1737,4.03500,1.84700,1.73500
1738,3.53700,1.85900,1.70300
1739,3.81600,1.85600,1.76400
1740,4.24100,1.85600,1.97300
1741,4.40100,2.00900,1.82500
1742,3.85800,1.85600,2.39400
1743,3.38500,1.86700,2.21400
1744,3.66800,1.85800,1.92200
1745,4.44400,1.86200,1.84200
1746,4.85900,1.86100,1.91300
1747,3.39600,1.86200,2.15100
1748,3.59800,1.84900,2.52100
1749,3.17400,2.26600,1.81000
1750,2.87600,1.85500,2.04100
1751,2.97100,1.85700,1.84500
1752,4.16100,2.28900,1.59800
1753,3.67500,1.85500,1.67100
1754,3.47500,1.87300,2.31700
1755,3.84600,1.85300,1.95400
1756,3.37700,1.86600,1.94200
1757,3.22800,1.86500,2.19100
1758,5.02300,1.86600,1.91600
1759,3.92300,1.86700,1.64600
1760,3.77400,1.85300,2.67800
1761,4.58600,1.85300,1.88400
1762,5.44700,1.87000,2.02700
1763,5.00200,2.06000,2.03100
1764,4.66000,1.85600,2.98000
1765,3.74600,1.85300,2.77900
1766,5.08900,2.04200,2.59400
1767,5.53600,1.87100,1.96100
1768,6.48200,1.86300,2.62900
1769,6.03000,1.85900,2.90000
1770,5.43500,1.86300,2.99900
1771,4.35500,1.86100,3.63100
1772,3.64800,1.85100,2.83300
1773,4.00500,1.85300,2.42000
1774,3.31300,1.85300,2.00300
1775,3.23200,1.84900,2.17700
1776,2.99400,1.84300,1.86300
1777,2.85600,2.00900,1.69700
1778,3.22700,1.85800,1.66000
1779,2.95200,1.86100,1.54900
1780,3.01800,1.86300,1.53700
1781,3.03600,1.85700,1.71900
1782,3.09600,1.85800,1.69600
1783,3.23100,1.84800,1.72400
1784,3.69500,1.85100,1.70500
1785,3.54800,2.03100,1.62300
1786,4.63100,1.86000,2.16100
1787,4.38600,1.85600,2.05100
1788,3.17900,1.84600,1.98900
1789,3.00400,2.01000,2.98700
1790,3.05600,1.84500,1.82400
1791,3.21500,1.84700,1.66200
1792,3.60800,1.85600,1.63000
1793,3.30400,1.85800,1.83600
1794,3.50900,1.85500,1.94900
1795,3.31400,1.86100,1.82900
1796,3.34600,1.84400,1.94400
1797,3.01300,2.01500,1.61800
1798,3.32900,1.85300,1.82800
1799,3.95400,1.85800,1.66700